page_url,current_title,recommended_title,current_h1,recommended_h1,recommended_meta_description
/,Pool Service in Abilene, TX,Pool Cleaning & Weekly Pool Service in Abilene, TX | Shipwrecked Pools,Protect Your Pool System.Get Your Saturdays Back.Keep Water Crystal Clear.,Pool Cleaning & Weekly Pool Service in Abilene, TX,Professional pool cleaning, weekly service, green-to-clean recovery, and filter care for Abilene homeowners. Call or text Shipwrecked Pools for a quote.
/services,Pool Services in Abilene, TX | Shipwrecked Pools,Pool Services in Abilene, TX | Shipwrecked Pools,Professional Pool Care Built for Clear Water.,Pool Services in Abilene, TX,Weekly service, algae cleanup, filter cleaning, drain and refill, acid wash, pump repair, and more for Abilene pool owners.
/services/weekly-services,Weekly Services in Abilene, TX | Shipwrecked Pools,Weekly Pool Service in Abilene, TX | Shipwrecked Pools,Weekly Services,Weekly Pool Service in Abilene, TX,Recurring weekly pool service in Abilene with cleaning, chemistry checks, debris removal, and equipment watchfulness from Shipwrecked Pools.
/services/bi-weekly-services,Bi-Weekly Services in Abilene, TX | Shipwrecked Pools,Bi-Weekly Pool Service in Abilene, TX | Shipwrecked Pools,Bi-Weekly Services,Bi-Weekly Pool Service in Abilene, TX,Professional bi-weekly pool service for Abilene homeowners who need lighter recurring support with clean, balanced water.
/services/algae-removal,Algae Removal in Abilene, TX | Shipwrecked Pools,Green-to-Clean Pool Cleanup in Abilene, TX | Shipwrecked Pools,Algae Removal,Green-to-Clean Pool Cleanup in Abilene, TX,Turn a green pool clear again with professional algae cleanup and chemistry correction in Abilene from Shipwrecked Pools.
/services/filter-cleaning,Filter Cleaning in Abilene, TX | Shipwrecked Pools,Pool Filter Cleaning in Abilene, TX | Shipwrecked Pools,Filter Cleaning,Pool Filter Cleaning in Abilene, TX,Improve circulation and water clarity with professional cartridge, DE, or sand-filter cleaning in Abilene.
/services/drain-and-refill,Drain & Refill in Abilene, TX | Shipwrecked Pools,Pool Drain & Refill in Abilene, TX | Shipwrecked Pools,Drain & Refill,Pool Drain & Refill in Abilene, TX,Reset difficult water chemistry with a managed drain and refill service for Abilene pools.
/services/acid-wash,Acid Wash in Abilene, TX | Shipwrecked Pools,Pool Acid Wash in Abilene, TX | Shipwrecked Pools,Acid Wash,Pool Acid Wash in Abilene, TX,Remove stubborn plaster stains, scale, and discoloration with professional acid wash service in Abilene.
/services/pump-repair-and-installation,Pump Repair and Installation in Abilene, TX | Shipwrecked Pools,Pool Pump Repair & Installation in Abilene, TX | Shipwrecked Pools,Pump Repair and Installation,Pool Pump Repair & Installation in Abilene, TX,Get professional pool pump troubleshooting, replacement, and installation help in Abilene to restore flow and circulation.
/services/one-time-cleans,One Time Cleans in Abilene, TX | Shipwrecked Pools,One-Time Pool Cleaning in Abilene, TX | Shipwrecked Pools,One Time Cleans,One-Time Pool Cleaning in Abilene, TX,Need a catch-up visit after weather, travel, or a party? Get one-time pool cleaning and balancing in Abilene.
/services/sand-replacement,Sand Replacement in Abilene, TX | Shipwrecked Pools,Pool Filter Sand Replacement in Abilene, TX | Shipwrecked Pools,Sand Replacement,Pool Filter Sand Replacement in Abilene, TX,Restore sand-filter performance with professional filter sand replacement in Abilene from Shipwrecked Pools.
/locations/south-abilene,Pool Service in South Abilene | Shipwrecked Pools | Shipwrecked Pools,Pool Cleaning & Pool Service in South Abilene, TX | Shipwrecked Pools,Pool Service in South Abilene,Pool Cleaning & Pool Service in South Abilene, TX,Weekly pool service, algae cleanup, and filter care for South Abilene homeowners who want clear water and dependable local support.
/locations/north-abilene,Pool Service in North Abilene | Shipwrecked Pools | Shipwrecked Pools,Pool Cleaning & Pool Service in North Abilene, TX | Shipwrecked Pools,Pool Service in North Abilene,Pool Cleaning & Pool Service in North Abilene, TX,Pool cleaning, weekly service, and recovery support for North Abilene homeowners from Shipwrecked Pools.
/locations/abilene-wylie,Pool Service in Abilene Wylie | Shipwrecked Pools | Shipwrecked Pools,Pool Cleaning & Pool Service in Abilene Wylie, TX | Shipwrecked Pools,Pool Service in Abilene Wylie,Pool Cleaning & Pool Service in Abilene Wylie, TX,Dependable pool service for Abilene Wylie homeowners, including weekly maintenance, cleanups, and filter care.
/contact,Contact Shipwrecked Pools | Shipwrecked Pools,Get a Pool Service Quote in Abilene, TX | Shipwrecked Pools,Contact Us,Get a Pool Service Quote in Abilene, TX,Call or text Shipwrecked Pools for weekly service, green-to-clean help, filter cleaning, and pool care quotes in Abilene.
